Date,Category,Likes
2021-01-01,Fashion,6524
2021-01-02,Culture,7781
2021-01-03,Travel,6964
2021-01-04,Family,3605
2021-01-05,Fitness,8799
2021-01-06,Health,902
2021-01-07,Family,6235
2021-01-08,Music,2490
2021-01-09,Music,9342
2021-01-10,Fashion,6034
2021-01-11,Culture,2279
2021-01-12,Fashion,2058
2021-01-13,Health,1742
2021-01-14,Music,3839
2021-01-15,Culture,2354
2021-01-16,Culture,1197
2021-01-17,Food,7680
2021-01-18,Culture,133
2021-01-19,Family,2512
2021-01-20,Family,4446
2021-01-21,Culture,8199
2021-01-22,Family,2445
2021-01-23,Music,6975
2021-01-24,Food,3529
2021-01-25,Fashion,4881
2021-01-26,Music,2621
2021-01-27,Family,8560
2021-01-28,Health,5329
2021-01-29,Music,4292
2021-01-30,Music,5370
2021-01-31,Food,526
2021-02-01,Fashion,5513
2021-02-02,Music,8076
2021-02-03,Family,153
2021-02-04,Family,9912
2021-02-05,Music,3750
2021-02-06,Fitness,8258
2021-02-07,Culture,6990
2021-02-08,Travel,4430
2021-02-09,Fitness,38
2021-02-10,Culture,5677
2021-02-11,Music,8455
2021-02-12,Fitness,861
2021-02-13,Health,4008
2021-02-14,Fashion,5394
2021-02-15,Music,6757
2021-02-16,Fitness,4047
2021-02-17,Food,2797
2021-02-18,Travel,9725
2021-02-19,Fashion,4198
2021-02-20,Music,3622
2021-02-21,Fitness,8546
2021-02-22,Travel,1320
2021-02-23,Culture,3939
2021-02-24,Fitness,2213
2021-02-25,Fashion,254
2021-02-26,Culture,7614
2021-02-27,Food,8535
2021-02-28,Travel,7229
2021-03-01,Health,1243
2021-03-02,Food,1074
2021-03-03,Family,4729
2021-03-04,Health,8237
2021-03-05,Fitness,2661
2021-03-06,Culture,1587
2021-03-07,Fashion,6768
2021-03-08,Music,3376
2021-03-09,Culture,6377
2021-03-10,Music,268
2021-03-11,Food,383
2021-03-12,Travel,1191
2021-03-13,Fashion,2299
2021-03-14,Culture,2195
2021-03-15,Health,3650
2021-03-16,Health,9824
2021-03-17,Culture,5845
2021-03-18,Culture,7973
2021-03-19,Family,127
2021-03-20,Food,417
2021-03-21,Health,4879
2021-03-22,Travel,3771
2021-03-23,Fashion,7535
2021-03-24,Travel,7755
2021-03-25,Family,3050
2021-03-26,Health,1869
2021-03-27,Family,4800
2021-03-28,Music,5970
2021-03-29,Health,77
2021-03-30,Culture,4942
2021-03-31,Culture,9240
2021-04-01,Music,6485
2021-04-02,Fashion,272
2021-04-03,Music,4498
2021-04-04,Family,5516
2021-04-05,Family,899
2021-04-06,Food,3868
2021-04-07,Family,3772
2021-04-08,Fashion,4290
2021-04-09,Travel,9805
2021-04-10,Fashion,1059
2021-04-11,Family,7687
2021-04-12,Music,8822
2021-04-13,Health,8724
2021-04-14,Food,2123
2021-04-15,Culture,9317
2021-04-16,Food,5421
2021-04-17,Fitness,7166
2021-04-18,Family,8749
2021-04-19,Music,4645
2021-04-20,Travel,9022
2021-04-21,Fashion,5851
2021-04-22,Music,8455
2021-04-23,Family,9597
2021-04-24,Health,3160
2021-04-25,Food,8129
2021-04-26,Fitness,4266
2021-04-27,Travel,5979
2021-04-28,Food,9435
2021-04-29,Family,652
2021-04-30,Family,3719
2021-05-01,Food,8078
2021-05-02,Family,4764
2021-05-03,Fitness,8367
2021-05-04,Travel,6123
2021-05-05,Culture,6333
2021-05-06,Family,479
2021-05-07,Food,8469
2021-05-08,Food,7554
2021-05-09,Music,1720
2021-05-10,Family,4846
2021-05-11,Family,7533
2021-05-12,Travel,8982
2021-05-13,Fitness,3855
2021-05-14,Music,4921
2021-05-15,Culture,5781
2021-05-16,Food,417
2021-05-17,Travel,1293
2021-05-18,Culture,6441
2021-05-19,Music,5358
2021-05-20,Family,4799
2021-05-21,Culture,1030
2021-05-22,Fitness,8442
2021-05-23,Food,3479
2021-05-24,Travel,8523
2021-05-25,Health,872
2021-05-26,Travel,5893
2021-05-27,Fashion,3055
2021-05-28,Food,8875
2021-05-29,Health,9504
2021-05-30,Family,6673
2021-05-31,Fashion,6462
2021-06-01,Culture,6133
2021-06-02,Fitness,5900
2021-06-03,Health,6136
2021-06-04,Music,4275
2021-06-05,Music,9309
2021-06-06,Culture,9157
2021-06-07,Music,8993
2021-06-08,Family,8654
2021-06-09,Fashion,2344
2021-06-10,Fashion,5211
2021-06-11,Health,7411
2021-06-12,Culture,2873
2021-06-13,Fashion,5693
2021-06-14,Health,2116
2021-06-15,Music,2546
2021-06-16,Health,2354
2021-06-17,Family,2765
2021-06-18,Travel,7163
2021-06-19,Travel,244
2021-06-20,Travel,9563
2021-06-21,Health,5206
2021-06-22,Food,822
2021-06-23,Health,7044
2021-06-24,Culture,4788
2021-06-25,Travel,4275
2021-06-26,Travel,7027
2021-06-27,Fitness,7567
2021-06-28,Health,8894
2021-06-29,Food,2496
2021-06-30,Health,6518
2021-07-01,Family,9946
2021-07-02,Travel,7655
2021-07-03,Fashion,1143
2021-07-04,Travel,2930
2021-07-05,Health,2038
2021-07-06,Food,5582
2021-07-07,Health,3614
2021-07-08,Travel,3279
2021-07-09,Food,519
2021-07-10,Health,5361
2021-07-11,Culture,2993
2021-07-12,Culture,8219
2021-07-13,Culture,3827
2021-07-14,Health,520
2021-07-15,Travel,5911
2021-07-16,Travel,8878
2021-07-17,Health,4398
2021-07-18,Culture,612
2021-07-19,Travel,1574
2021-07-20,Music,4103
2021-07-21,Travel,5034
2021-07-22,Health,1735
2021-07-23,Fashion,7107
2021-07-24,Culture,7769
2021-07-25,Fashion,3271
2021-07-26,Health,6668
2021-07-27,Music,4241
2021-07-28,Fashion,6919
2021-07-29,Family,7415
2021-07-30,Travel,303
2021-07-31,Health,8587
2021-08-01,Fitness,2205
2021-08-02,Music,85
2021-08-03,Health,379
2021-08-04,Fashion,5811
2021-08-05,Food,8199
2021-08-06,Travel,3377
2021-08-07,Fitness,633
2021-08-08,Health,121
2021-08-09,Fitness,6339
2021-08-10,Fitness,2308
2021-08-11,Music,2329
2021-08-12,Culture,9177
2021-08-13,Fitness,2542
2021-08-14,Food,5902
2021-08-15,Music,7700
2021-08-16,Music,7581
2021-08-17,Health,9452
2021-08-18,Music,5483
2021-08-19,Fitness,6843
2021-08-20,Fashion,3577
2021-08-21,Food,4909
2021-08-22,Family,2859
2021-08-23,Culture,9750
2021-08-24,Travel,6416
2021-08-25,Culture,9824
2021-08-26,Culture,1390
2021-08-27,Food,9854
2021-08-28,Food,6092
2021-08-29,Family,7363
2021-08-30,Fitness,1915
2021-08-31,Fitness,8067
2021-09-01,Family,1417
2021-09-02,Fitness,7236
2021-09-03,Music,4594
2021-09-04,Fitness,8864
2021-09-05,Food,8167
2021-09-06,Family,9278
2021-09-07,Fitness,9756
2021-09-08,Fashion,867
2021-09-09,Fashion,2243
2021-09-10,Health,5478
2021-09-11,Health,9203
2021-09-12,Family,2066
2021-09-13,Music,3491
2021-09-14,Health,7531
2021-09-15,Food,37
2021-09-16,Music,2585
2021-09-17,Fashion,9491
2021-09-18,Fitness,7270
2021-09-19,Fashion,4668
2021-09-20,Culture,3201
2021-09-21,Health,5810
2021-09-22,Music,9017
2021-09-23,Fashion,4131
2021-09-24,Family,4351
2021-09-25,Food,1590
2021-09-26,Fashion,5690
2021-09-27,Family,4848
2021-09-28,Culture,954
2021-09-29,Fitness,7701
2021-09-30,Travel,6364
2021-10-01,Fashion,7324
2021-10-02,Fashion,6250
2021-10-03,Family,4317
2021-10-04,Family,3762
2021-10-05,Travel,9447
2021-10-06,Music,5260
2021-10-07,Family,6684
2021-10-08,Fashion,2280
2021-10-09,Fashion,1778
2021-10-10,Food,9663
2021-10-11,Culture,6155
2021-10-12,Family,9449
2021-10-13,Health,6314
2021-10-14,Culture,6257
2021-10-15,Fashion,3338
2021-10-16,Travel,8689
2021-10-17,Travel,9669
2021-10-18,Fitness,7627
2021-10-19,Family,7214
2021-10-20,Culture,3326
2021-10-21,Music,6523
2021-10-22,Family,1154
2021-10-23,Music,2488
2021-10-24,Fashion,4348
2021-10-25,Food,9796
2021-10-26,Family,7041
2021-10-27,Fitness,9719
2021-10-28,Travel,7685
2021-10-29,Music,8930
2021-10-30,Travel,3836
2021-10-31,Fitness,6226
2021-11-01,Travel,8973
2021-11-02,Culture,6195
2021-11-03,Fitness,2833
2021-11-04,Culture,6698
2021-11-05,Family,8111
2021-11-06,Fitness,5162
2021-11-07,Music,8158
2021-11-08,Health,7431
2021-11-09,Fashion,9141
2021-11-10,Food,295
2021-11-11,Food,969
2021-11-12,Food,8633
2021-11-13,Travel,1907
2021-11-14,Health,7451
2021-11-15,Culture,614
2021-11-16,Fitness,6845
2021-11-17,Travel,39
2021-11-18,Food,502
2021-11-19,Fashion,6754
2021-11-20,Family,8159
2021-11-21,Travel,9142
2021-11-22,Food,7167
2021-11-23,Family,4039
2021-11-24,Music,8311
2021-11-25,Travel,2862
2021-11-26,Culture,8279
2021-11-27,Travel,8578
2021-11-28,Health,8265
2021-11-29,Travel,5650
2021-11-30,Family,1794
2021-12-01,Music,7125
2021-12-02,Health,2562
2021-12-03,Health,5938
2021-12-04,Family,9817
2021-12-05,Fitness,1822
2021-12-06,Family,470
2021-12-07,Culture,5074
2021-12-08,Culture,4680
2021-12-09,Fashion,5699
2021-12-10,Health,9502
2021-12-11,Health,6116
2021-12-12,Family,1815
2021-12-13,Health,2118
2021-12-14,Health,3546
2021-12-15,Travel,8146
2021-12-16,Culture,6744
2021-12-17,Family,175
2021-12-18,Fitness,1131
2021-12-19,Music,3786
2021-12-20,Health,5337
2021-12-21,Health,5391
2021-12-22,Fashion,6960
2021-12-23,Food,8715
2021-12-24,Family,3634
2021-12-25,Family,2759
2021-12-26,Travel,6469
2021-12-27,Travel,9910
2021-12-28,Food,726
2021-12-29,Fashion,3179
2021-12-30,Culture,4864
2021-12-31,Culture,1386
2022-01-01,Travel,7552
2022-01-02,Culture,1424
2022-01-03,Travel,9722
2022-01-04,Family,36
2022-01-05,Travel,6551
2022-01-06,Fitness,1751
2022-01-07,Health,9205
2022-01-08,Culture,807
2022-01-09,Music,8385
2022-01-10,Health,604
2022-01-11,Family,9028
2022-01-12,Fashion,642
2022-01-13,Fitness,8454
2022-01-14,Culture,1948
2022-01-15,Fitness,8825
2022-01-16,Travel,6252
2022-01-17,Food,3948
2022-01-18,Fashion,7673
2022-01-19,Music,472
2022-01-20,Fitness,6204
2022-01-21,Music,7654
2022-01-22,Family,165
2022-01-23,Health,4983
2022-01-24,Fashion,241
2022-01-25,Fitness,5056
2022-01-26,Travel,2313
2022-01-27,Health,8144
2022-01-28,Health,7117
2022-01-29,Health,7084
2022-01-30,Travel,7357
2022-01-31,Music,1666
2022-02-01,Music,2528
2022-02-02,Food,3615
2022-02-03,Music,734
2022-02-04,Culture,223
2022-02-05,Food,2378
2022-02-06,Fashion,8231
2022-02-07,Food,6890
2022-02-08,Food,827
2022-02-09,Music,4495
2022-02-10,Culture,7646
2022-02-11,Culture,6457
2022-02-12,Health,4405
2022-02-13,Travel,8626
2022-02-14,Fashion,3988
2022-02-15,Food,7379
2022-02-16,Family,9215
2022-02-17,Music,6622
2022-02-18,Culture,63
2022-02-19,Fashion,9526
2022-02-20,Fashion,7198
2022-02-21,Fashion,2146
2022-02-22,Culture,4163
2022-02-23,Family,7357
2022-02-24,Health,3093
2022-02-25,Food,3588
2022-02-26,Food,8091
2022-02-27,Food,4432
2022-02-28,Travel,5131
2022-03-01,Music,2104
2022-03-02,Fashion,6893
2022-03-03,Music,2502
2022-03-04,Family,7438
2022-03-05,Family,6803
2022-03-06,Fitness,244
2022-03-07,Fitness,4385
2022-03-08,Food,9625
2022-03-09,Travel,2959
2022-03-10,Fashion,8579
2022-03-11,Food,1984
2022-03-12,Culture,4147
2022-03-13,Culture,2015
2022-03-14,Food,4583
2022-03-15,Health,4280
2022-03-16,Fitness,4801
2022-03-17,Fitness,2236
2022-03-18,Music,594
2022-03-19,Family,503
2022-03-20,Fashion,6853
2022-03-21,Health,5749
2022-03-22,Family,9241
2022-03-23,Family,297
2022-03-24,Family,9503
2022-03-25,Travel,554
2022-03-26,Health,6727
2022-03-27,Food,7545
2022-03-28,Travel,1751
2022-03-29,Fashion,4622
2022-03-30,Family,6104
2022-03-31,Culture,9290
2022-04-01,Travel,8915
2022-04-02,Fitness,6153
2022-04-03,Culture,4578
2022-04-04,Family,9155
2022-04-05,Food,6191
2022-04-06,Health,5046
2022-04-07,Family,6125
2022-04-08,Family,3350
2022-04-09,Culture,7976
2022-04-10,Family,6510
2022-04-11,Travel,919
2022-04-12,Fashion,1372
2022-04-13,Food,2610
2022-04-14,Health,3269
2022-04-15,Fashion,2514
2022-04-16,Food,3065
2022-04-17,Fashion,780
2022-04-18,Music,4468
2022-04-19,Health,8748
2022-04-20,Culture,2819
2022-04-21,Fashion,8715
2022-04-22,Food,2631
2022-04-23,Health,7540
2022-04-24,Travel,8087
2022-04-25,Fashion,4171
2022-04-26,Health,3875
2022-04-27,Fashion,8541
2022-04-28,Fitness,5604
2022-04-29,Family,5625
2022-04-30,Fitness,1544
2022-05-01,Fashion,290
2022-05-02,Food,9590
2022-05-03,Music,4350
2022-05-04,Music,1253
2022-05-05,Music,5763
2022-05-06,Culture,5627
2022-05-07,Health,8000
2022-05-08,Travel,3148
2022-05-09,Fashion,7784
2022-05-10,Culture,3076
2022-05-11,Culture,6946
2022-05-12,Culture,1201
2022-05-13,Fashion,1253
2022-05-14,Fashion,3831
2022-05-15,Culture,2805
